{
  "1": {
    "Name": "Jammu & Kashmir",
    "Name_T": "State",
    "Area": 222363.3775,
    "agri_ratio": 0.148770395,
    "gsdp": 973000000000,
    "agri_gsdp": 145000000000,
    "nonagri_gsdp": 828000000000,
    "gsdp_sqkm": 4375720.548,
    "gsdp_mill": 973000,
    "gsdp_sqkm_mill": 4.375720548
  },
  "2": {
    "Name": "Himachal Pradesh",
    "Name_T": "State",
    "Area": 55725.92161,
    "agri_ratio": 0.141741644,
    "gsdp": 972000000000,
    "agri_gsdp": 138000000000,
    "nonagri_gsdp": 834000000000,
    "gsdp_sqkm": 17442510.99,
    "gsdp_mill": 972000,
    "gsdp_sqkm_mill": 17.44251099
  },
  "3": {
    "Name": "Punjab",
    "Name_T": "State",
    "Area": 50393.35834,
    "agri_ratio": 0.242241575,
    "gsdp": 3290000000000,
    "agri_gsdp": 797000000000,
    "nonagri_gsdp": 2490000000000,
    "gsdp_sqkm": 65286381.15,
    "gsdp_mill": 3290000,
    "gsdp_sqkm_mill": 65.28638115
  },
  "4": {
    "Name": "Chandigarh",
    "Name_T": "Union Territory",
    "Area": 118.3035898,
    "agri_ratio": 0.005095991,
    "gsdp": 245000000000,
    "agri_gsdp": 1248517795,
    "nonagri_gsdp": 244000000000,
    "gsdp_sqkm": 2070943075,
    "gsdp_mill": 245000,
    "gsdp_sqkm_mill": 2070.943075
  },
  "5": {
    "Name": "Uttarakhand",
    "Name_T": "State",
    "Area": 53877.30031,
    "agri_ratio": 0.08642896,
    "gsdp": 1520000000000,
    "agri_gsdp": 131000000000,
    "nonagri_gsdp": 1390000000000,
    "gsdp_sqkm": 28212252.49,
    "gsdp_mill": 1520000,
    "gsdp_sqkm_mill": 28.21225249
  },
  "6": {
    "Name": "Haryana",
    "Name_T": "State",
    "Area": 44107.77393,
    "agri_ratio": 0.164215661,
    "gsdp": 4000000000000,
    "agri_gsdp": 657000000000,
    "nonagri_gsdp": 3340000000000,
    "gsdp_sqkm": 90686961.59,
    "gsdp_mill": 4000000,
    "gsdp_sqkm_mill": 90.68696159
  },
  "7": {
    "Name": "NCT of Delhi",
    "Name_T": "Union Territory",
    "Area": 1504.359974,
    "agri_ratio": 0.00349713,
    "gsdp": 4740000000000,
    "agri_gsdp": 16576396200,
    "nonagri_gsdp": 4720000000000,
    "gsdp_sqkm": 3150841608,
    "gsdp_mill": 4740000,
    "gsdp_sqkm_mill": 3150.841608
  },
  "8": {
    "Name": "Rajasthan",
    "Name_T": "State",
    "Area": 342592.8684,
    "agri_ratio": 0.244607916,
    "gsdp": 5580000000000,
    "agri_gsdp": 1360000000000,
    "nonagri_gsdp": 4220000000000,
    "gsdp_sqkm": 16287554.46,
    "gsdp_mill": 5580000,
    "gsdp_sqkm_mill": 16.28755446
  },
  "9": {
    "Name": "Uttar Pradesh",
    "Name_T": "State",
    "Area": 242646.0191,
    "agri_ratio": 0.216042699,
    "gsdp": 9020000000000,
    "agri_gsdp": 1950000000000,
    "nonagri_gsdp": 7070000000000,
    "gsdp_sqkm": 37173492.62,
    "gsdp_mill": 9020000,
    "gsdp_sqkm_mill": 37.17349262
  },
  "10": {
    "Name": "Bihar",
    "Name_T": "State",
    "Area": 96745.36345,
    "agri_ratio": 0.202734492,
    "gsdp": 3010000000000,
    "agri_gsdp": 610000000000,
    "nonagri_gsdp": 2400000000000,
    "gsdp_sqkm": 31112602.12,
    "gsdp_mill": 3010000,
    "gsdp_sqkm_mill": 31.11260212
  },
  "11": {
    "Name": "Sikkim",
    "Name_T": "State",
    "Area": 7448.746665,
    "agri_ratio": 0.069511777,
    "gsdp": 141000000000,
    "agri_gsdp": 9801160557,
    "nonagri_gsdp": 131000000000,
    "gsdp_sqkm": 18929359.04,
    "gsdp_mill": 141000,
    "gsdp_sqkm_mill": 18.92935904
  },
  "12": {
    "Name": "Arunanchal Pradesh",
    "Name_T": "State",
    "Area": 90090.2398,
    "agri_ratio": 0.306068484,
    "gsdp": 167000000000,
    "agri_gsdp": 51113436828,
    "nonagri_gsdp": 116000000000,
    "gsdp_sqkm": 1853696.92,
    "gsdp_mill": 167000,
    "gsdp_sqkm_mill": 1.85369692
  },
  "13": {
    "Name": "Nagaland",
    "Name_T": "State",
    "Area": 18228.93281,
    "agri_ratio": 0.282346647,
    "gsdp": 149000000000,
    "agri_gsdp": 42069650403,
    "nonagri_gsdp": 107000000000,
    "gsdp_sqkm": 8173819.145,
    "gsdp_mill": 149000,
    "gsdp_sqkm_mill": 8.173819145
  },
  "14": {
    "Name": "Manipur",
    "Name_T": "State",
    "Area": 24411.99543,
    "agri_ratio": 0.17084228,
    "gsdp": 159000000000,
    "agri_gsdp": 27163922520,
    "nonagri_gsdp": 132000000000,
    "gsdp_sqkm": 6513191.454,
    "gsdp_mill": 159000,
    "gsdp_sqkm_mill": 6.513191454
  },
  "15": {
    "Name": "Mizoram",
    "Name_T": "State",
    "Area": 22907.97054,
    "agri_ratio": 0.273308323,
    "gsdp": 125000000000,
    "agri_gsdp": 34163540375,
    "nonagri_gsdp": 90836459625,
    "gsdp_sqkm": 5456616.062,
    "gsdp_mill": 125000,
    "gsdp_sqkm_mill": 5.456616062
  },
  "16": {
    "Name": "Tripura",
    "Name_T": "State",
    "Area": 11216.60415,
    "agri_ratio": 0.237543808,
    "gsdp": 278000000000,
    "agri_gsdp": 66037178624,
    "nonagri_gsdp": 212000000000,
    "gsdp_sqkm": 24784684.94,
    "gsdp_mill": 278000,
    "gsdp_sqkm_mill": 24.78468494
  },
  "17": {
    "Name": "Meghalaya",
    "Name_T": "State",
    "Area": 23976.47194,
    "agri_ratio": 0.159679741,
    "gsdp": 218000000000,
    "agri_gsdp": 34810183538,
    "nonagri_gsdp": 183000000000,
    "gsdp_sqkm": 9092246.789,
    "gsdp_mill": 218000,
    "gsdp_sqkm_mill": 9.092246789
  },
  "18": {
    "Name": "Assam",
    "Name_T": "State",
    "Area": 84879.61047,
    "agri_ratio": 0.190413055,
    "gsdp": 1790000000000,
    "agri_gsdp": 341000000000,
    "nonagri_gsdp": 1450000000000,
    "gsdp_sqkm": 21088692.44,
    "gsdp_mill": 1790000,
    "gsdp_sqkm_mill": 21.08869244
  },
  "19": {
    "Name": "West Bengal",
    "Name_T": "State",
    "Area": 89034.00781,
    "agri_ratio": 0.186036381,
    "gsdp": 7620000000000,
    "agri_gsdp": 1420000000000,
    "nonagri_gsdp": 6200000000000,
    "gsdp_sqkm": 85585274.52,
    "gsdp_mill": 7620000,
    "gsdp_sqkm_mill": 85.58527452
  },
  "20": {
    "Name": "Jharkhand",
    "Name_T": "State",
    "Area": 82172.03781,
    "agri_ratio": 0.113891319,
    "gsdp": 1980000000000,
    "agri_gsdp": 226000000000,
    "nonagri_gsdp": 1750000000000,
    "gsdp_sqkm": 24095787.97,
    "gsdp_mill": 1980000,
    "gsdp_sqkm_mill": 24.09578797
  },
  "21": {
    "Name": "Odisha",
    "Name_T": "State",
    "Area": 159599.6415,
    "agri_ratio": 0.139146239,
    "gsdp": 2930000000000,
    "agri_gsdp": 408000000000,
    "nonagri_gsdp": 2520000000000,
    "gsdp_sqkm": 18358437.23,
    "gsdp_mill": 2930000,
    "gsdp_sqkm_mill": 18.35843723
  },
  "22": {
    "Name": "Chhattisgarh",
    "Name_T": "State",
    "Area": 136936.1916,
    "agri_ratio": 0.145382616,
    "gsdp": 2090000000000,
    "agri_gsdp": 304000000000,
    "nonagri_gsdp": 1790000000000,
    "gsdp_sqkm": 15262583.07,
    "gsdp_mill": 2090000,
    "gsdp_sqkm_mill": 15.26258307
  },
  "23": {
    "Name": "Madhya Pradesh",
    "Name_T": "State",
    "Area": 309060.719,
    "agri_ratio": 0.292421347,
    "gsdp": 4080000000000,
    "agri_gsdp": 1190000000000,
    "nonagri_gsdp": 2890000000000,
    "gsdp_sqkm": 13201289.42,
    "gsdp_mill": 4080000,
    "gsdp_sqkm_mill": 13.20128942
  },
  "24": {
    "Name": "Gujarat",
    "Name_T": "State",
    "Area": 186301.7121,
    "agri_ratio": 0.12683464,
    "gsdp": 8950000000000,
    "agri_gsdp": 1140000000000,
    "nonagri_gsdp": 7810000000000,
    "gsdp_sqkm": 48040352.93,
    "gsdp_mill": 8950000,
    "gsdp_sqkm_mill": 48.04035293
  },
  "25": {
    "Name": "Daman & Diu",
    "Name_T": "Union Territory",
    "Area": 109.3622659,
    "agri_ratio": "",
    "gsdp": "",
    "agri_gsdp": "",
    "nonagri_gsdp": "",
    "gsdp_sqkm": "",
    "gsdp_mill": "",
    "gsdp_sqkm_mill": ""
  },
  "26": {
    "Name": "Dadara & Nagar Havelli",
    "Name_T": "Union Territory",
    "Area": 493.5154552,
    "agri_ratio": "",
    "gsdp": "",
    "agri_gsdp": "",
    "nonagri_gsdp": "",
    "gsdp_sqkm": "",
    "gsdp_mill": "",
    "gsdp_sqkm_mill": ""
  },
  "27": {
    "Name": "Maharashtra",
    "Name_T": "State",
    "Area": 307879.7433,
    "agri_ratio": 0.084274898,
    "gsdp": 16600000000000,
    "agri_gsdp": 1400000000000,
    "nonagri_gsdp": 15200000000000,
    "gsdp_sqkm": 53917155.52,